0.033023,0.0042736,0.01081,0.038194,0.1679,0.21848,0.033627,0.043945,0.054656,0.088227,0.19641,0.11045,0,0.47967,0.15899,0.06113,0.039447,0,0,0.15458,0.042055,0,0.016274,0.016637,0.031228,0,0.041943,0.043011,0.042717,0.050084,0.10741,0.1495,0.042715,0.02482,0.046719,0.10325,0.17541,0.17243,0,0.005291,0.14409,0.24226,0.19746,0.033455,0,0.052745,0.1666,0.11454,0.035181,0.0083774,0
0.040606,0.018754,0.027722,0.024578,0.023365,0.10004,0.042082,0.029021,0.15518,0.17534,0.12647,0.23685,0,0.1429,0.43022,0.18354,0.050276,0.013889,0.02399,0.079079,0.006536,0.015107,0.006536,0.015107,0.032809,0,0.043799,0.051023,0.043513,0.03317,0.033864,0.08441,0.02369,0.039554,0.10501,0.18466,0.19935,0.15796,0,0.06871,0,0.19453,0.30141,0.12864,0.053617,0.11712,0.046583,0.071206,0.0074074,0.0074074,0.003367
0.018116,0.018116,0.023715,0.0090278,0.021679,0.047307,0.023949,0.13161,0.19885,0.16747,0.21022,0.12993,0,0.032223,0.15647,0.49463,0.16615,0.023329,0.035382,0.017854,0.0092593,0.012346,0.021782,0.016625,0.013954,0,0.031795,0.039109,0.033319,0.043977,0.02306,0.040685,0.039966,0.099718,0.20231,0.22338,0.14216,0.080524,0,0.10625,0.14991,0,0.1726,0.34955,0.080935,0.056773,0.031732,0.0025252,0,0.0026456,0.047079
0.026299,0.024556,0.018602,0.023095,0.003003,0.0099742,0.13181,0.18047,0.16656,0.1951,0.19131,0.029214,0,0.020822,0.028898,0.19936,0.46092,0.17909,0.043753,0.012954,0.0039682,0.012722,0.0075351,0.011503,0.018475,0,0.041463,0.038212,0.033627,0.035652,0.033513,0.018375,0.077475,0.18401,0.20078,0.19464,0.085601,0.056655,0,0.11095,0.1749,0.17419,0,0.15719,0.19741,0.039899,0.0092593,0,0.0030864,0.037135,0.095984
0.13716,0.036391,0.020475,0.034037,0.0098814,0.028966,0.15676,0.096499,0.24974,0.13671,0.054534,0.038847,0,0.016527,0.022515,0.077154,0.16471,0.45318,0.12233,0.0044444,0.038901,0.028655,0.010292,0.010292,0.051,0,0.11509,0.04945,0.043933,0.046358,0.036415,0.020924,0.13002,0.17686,0.20185,0.10085,0.04001,0.038245,0,0.026347,0.13818,0.28062,0.20073,0,0.095872,0.0059413,0,0,0.013398,0.065919,0.173
0.14657,0.15229,0.044203,0.024288,0.037849,0.032577,0.1415,0.18838,0.11662,0.08018,0.017019,0.018519,0,0.003268,0.0055556,0.031843,0.062914,0.14651,0.46268,0.0088236,0.021787,0.0088236,0.036182,0.044742,0.16687,0,0.15895,0.13631,0.052416,0.056761,0.024371,0.039147,0.19896,0.14205,0.077947,0.053123,0.0222,0.037767,0,0.0046297,0.043681,0.096397,0.26598,0.12965,0,0.0046297,0,0.016072,0.10014,0.2117,0.12712
0.012092,0.040091,0.045445,0.18579,0.12235,0.12373,0.0061729,0.050063,0.047678,0.023457,0.12817,0.21497,0,0.16137,0.015873,0.008547,0.020931,0,0.024949,0.50926,0.1525,0.06667,0.02225,0.017647,0,0,0.039458,0.033606,0.055449,0.12023,0.16697,0.1507,0.053517,0.048337,0.025837,0.034096,0.096658,0.17514,0,0.11236,0.14396,0.14117,0.044172,0,0.0079366,0.0079366,0.088824,0.25156,0.1395,0.051339,0.011239
0.022174,0.047634,0.16674,0.24317,0.15718,0.16319,0.018264,0.023773,0.035298,0.023203,0.014766,0.084611,0,0.065536,0.030401,0.021495,0.013117,0.025353,0.0061729,0.17959,0.40126,0.17211,0.051124,0.018408,0.015432,0,0.022239,0.03384,0.10761,0.19315,0.1711,0.16557,0.040629,0.048494,0.023406,0.053333,0.046833,0.093779,0,0.21018,0.085117,0.022288,0.0098814,0,0.022893,0.14247,0.0042736,0.098216,0.19533,0.16398,0.045365
0.043078,0.13393,0.20304,0.15254,0.20282,0.13973,0.023674,0.014583,0.0095238,0.038349,0.01946,0.019268,0,0.0076719,0.0044444,0.016695,0.046826,0,0.016125,0.01889,0.15741,0.48103,0.18973,0.041853,0.019325,0,0.040767,0.087074,0.19165,0.16345,0.17674,0.09154,0.033543,0.037222,0.05026,0.050061,0.041394,0.036301,0,0.085644,0.037897,0.002849,0.003367,0,0.055792,0.1966,0.14679,0,0.12112,0.24413,0.10581
0.12224,0.21605,0.1208,0.16973,0.11944,0.038882,0.074884,0.030935,0.020807,0.031737,0.027991,0.026505,0,0.023292,0.011832,0.032314,0.022096,0.011592,0.00271,0.010373,0.05003,0.19674,0.43074,0.15603,0.052251,0,0.093076,0.17251,0.19203,0.17434,0.099223,0.04064,0.03898,0.034425,0.04204,0.04124,0.041262,0.030237,0,0.058028,0,0,0.008547,0.033068,0.079505,0.12133,0.2376,0.17523,0,0.12112,0.16557
0.17444,0.11718,0.20854,0.092247,0.049221,0.025711,0.21528,0.0481,0.033227,0.01361,0.022449,0,0,0,0.0042736,0.0096619,0.010623,0.054446,0.024002,0.011367,0.031258,0.078291,0.15621,0.48032,0.13955,0,0.16467,0.20641,0.15599,0.10103,0.042916,0.030643,0.098675,0.044252,0.040691,0.028213,0.050762,0.035765,0,0.0024691,0,0.0019841,0.022969,0.056721,0.23678,0.02328,0.13609,0.28312,0.14689,0.0024691,0.087234
0.090235,0.1607,0.20525,0.030479,0.012767,0.028947,0.16384,0.14939,0.090459,0.006536,0.040433,0.020968,0,0.028811,0.0061729,0.005848,0.015725,0.032515,0.1561,0,0.013439,0.023457,0.025044,0.19769,0.49519,0,0.19633,0.17329,0.094257,0.055435,0.031637,0.02255,0.15498,0.08928,0.037417,0.047839,0.047697,0.049282,0,0,0,0.058825,0.074439,0.19768,0.14475,0.010417,0.049794,0.11964,0.21673,0.12773,0
0,0,0,0,0,0,0,0,0,0,0,0,0,0,0,0,0,0,0,0,0,0,0,0,0,0,0,0,0,0,0,0,0,0,0,0,0,0,0,0,0,0,0,0,0,0,0,0,0,0,0
0.031481,0.010101,0.006536,0.011111,0.20681,0.3188,0.032099,0,0.024044,0.094022,0.11688,0.1481,0,0.46606,0.16493,0.020263,0.02767,0,0.024691,0.16736,0.067041,0.030716,0.0061729,0.015835,0.0092592,0,0.026324,0.024706,0.030607,0.063391,0.12301,0.17318,0.016554,0.030481,0.041341,0.12853,0.19275,0.14913,0,0,0.13384,0.17109,0.12758,0.036655,0.0074074,0.11034,0.20844,0.14076,0.052515,0.011367,0
0,0.023457,0.020062,0.025201,0.02818,0.13918,0.017284,0,0.12613,0.19278,0.21706,0.21067,0,0.067526,0.56993,0.15286,0.073325,0.0079366,0.021958,0.038829,0.021759,0,0.0079366,0.022603,0.015344,0,0.027815,0.024807,0.020208,0.037361,0.032311,0.08523,0.029919,0.048725,0.1599,0.21921,0.14971,0.1648,0,0.09495,0,0.17636,0.20235,0.16956,0.048611,0.15307,0.085241,0.054465,0.0061469,0,0.0092592
0.023654,0.038201,0.023764,0.015437,0.005291,0.014473,0.026284,0.15151,0.19441,0.19778,0.17645,0.13275,0,0.016603,0.13767,0.60428,0.12856,0.02823,0.012504,0.017648,0.0046297,0.01286,0.022779,0.014235,0,0,0.021305,0.03004,0.02816,0.029336,0.027958,0.024798,0.053339,0.10794,0.20006,0.20367,0.17327,0.10012,0,0.1659,0.17332,0.0019841,0.18704,0.26368,0.10063,0.070983,0.0153,0,0,0.0069444,0.014218
0.044603,0.032795,0.033494,0.01735,0.0084611,0.0027778,0.094856,0.18302,0.19706,0.24935,0.12274,0.013492,0,0.01425,0.028501,0.20591,0.53262,0.12313,0.031292,0,0,0.02135,0.010181,0.0039682,0.028804,0,0.042131,0.022258,0.019603,0.032176,0.015426,0.023416,0.1339,0.15057,0.20447,0.19338,0.11063,0.052047,0,0.08574,0.18787,0.20507,0,0.1543,0.19433,0.052671,0.0037037,0,0.0046297,0.037298,0.074389
0.14158,0.030586,0.016198,0.0079366,0.013889,0.060276,0.16239,0.13437,0.22627,0.16961,0.024543,0.012346,0,0.0055556,0.010606,0.057365,0.13703,0.52497,0.1288,0,0.023045,0.037301,0.0143,0.015236,0.045786,0,0.089934,0.050439,0.01672,0.020774,0.022344,0.026756,0.16429,0.17764,0.2079,0.13078,0.058102,0.034323,0,0.031414,0.15502,0.35188,0.13769,0,0.12188,0.0039682,0.0039682,0,0.03468,0.078937,0.08056
0.19987,0.081645,0.048611,0.018056,0.033134,0.025826,0.16303,0.20975,0.12682,0.080918,0.0061729,0.0061729,0,0.024228,0.0069444,0,0.017526,0.1578,0.49808,0.025353,0.0069444,0,0.020833,0.025353,0.21693,0,0.1826,0.11678,0.054855,0.030176,0.029326,0.036476,0.14774,0.16051,0.15388,0.046268,0.017753,0.023636,0,0.0079366,0.06629,0.13621,0.24013,0.10885,0,0,0.015577,0.039223,0.08096,0.18942,0.11542
0.012346,0.0055556,0.016173,0.13455,0.24144,0.19324,0.01,0.041358,0.041582,0.026768,0.096274,0.18072,0,0.1594,0.050515,0.012346,0.012458,0.010582,0.022193,0.39651,0.21798,0.054284,0.058437,0,0.005291,0,0.025255,0.026386,0.059581,0.11955,0.16913,0.1484,0.025327,0.028957,0.042269,0.05837,0.12041,0.17637,0,0.079568,0.23819,0.11945,0.041273,0.025711,0,0,0.10671,0.23177,0.11438,0.042949,0
0.020341,0.036869,0.14872,0.19952,0.18278,0.204,0.0074074,0.055358,0.032453,0,0.016637,0.095922,0,0.043557,0.021759,0.0039682,0.019048,0.02164,0.0088752,0.18963,0.46443,0.19223,0.030899,0.0039682,0,0,0.022904,0.046594,0.14475,0.20608,0.19651,0.14886,0.021249,0.034006,0.036413,0.017293,0.034376,0.090969,0,0.22094,0.066699,0.048483,0,0,0,0.14858,0,0.13953,0.19735,0.13061,0.047819
0.032239,0.13396,0.22947,0.22824,0.15434,0.077261,0.031065,0.018871,0.034259,0.011223,0.011728,0.03735,0,0.016202,0.011738,0.021063,0.026691,0.01436,0,0.03927,0.1084,0.50838,0.19081,0.057521,0.0055696,0,0.052826,0.12611,0.19508,0.19695,0.14516,0.10009,0.014475,0.023389,0.033608,0.029797,0.031659,0.050856,0,0.065198,0.017127,0.0014246,0,0.0074147,0.019171,0.21203,0.18608,0,0.17284,0.21713,0.10159
0.13121,0.21843,0.14528,0.19464,0.083719,0.031012,0.028896,0.015482,0.065284,0.048643,0.027746,0.0096619,0,0.0096517,0.0039682,0.014247,0.020172,0.0064426,0,0.012733,0.02497,0.17648,0.548,0.12914,0.054196,0,0.091033,0.14401,0.19567,0.21761,0.10673,0.059191,0.048679,0.025374,0.032873,0.028565,0.016485,0.033778,0,0.033717,0.0017361,0,0,0.030189,0.055587,0.071111,0.32471,0.23014,0.0027778,0.098982,0.15104
0.17129,0.13977,0.20407,0.1082,0.022818,0.032586,0.15902,0.034722,0.015942,0.044443,0.030294,0.036835,0,0,0.018008,0.028192,0,0.010478,0.045774,0.019763,0.020584,0.026847,0.17655,0.43766,0.21615,0,0.13836,0.17574,0.18916,0.11665,0.057965,0.032504,0.10828,0.068307,0.031944,0.024531,0.029675,0.026891,0,0,0,0.002584,0.024147,0.077489,0.11243,0.049507,0.12494,0.30939,0.2142,0.0037037,0.081618
0.085786,0.2279,0.12183,0.041291,0.01936,0.065835,0.24587,0.091997,0.031794,0.020374,0.02944,0.018519,0,0.032297,0.005291,0.016204,0.0061729,0.039622,0.16246,0.011464,0.024821,0.0050506,0.03349,0.2163,0.44683,0,0.11913,0.16192,0.1179,0.081752,0.046537,0.026708,0.14826,0.14829,0.058037,0.032932,0.025597,0.032935,0,0,0.003367,0.078889,0.09573,0.21579,0.14052,0.01521,0.036557,0.12219,0.15451,0.13723,0
0,0,0,0,0,0,0,0,0,0,0,0,0,0,0,0,0,0,0,0,0,0,0,0,0,0,0,0,0,0,0,0,0,0,0,0,0,0,0,0,0,0,0,0,0,0,0,0,0,0,0
0.012698,0.012698,0,0.022222,0.11618,0.25128,0.040741,0.013889,0,0.15137,0.11993,0.25899,0,0.52502,0.13921,0.024691,0.024691,0.013072,0,0.15112,0.032362,0.023457,0.015491,0.024691,0.02619,0,0.023148,0.018126,0.019642,0.082325,0.14239,0.10124,0.0096184,0.047467,0.044106,0.16424,0.20371,0.14399,0,0,0.11874,0.27653,0.12382,0.050706,0,0.076537,0.19117,0.10422,0.048475,0.006536,0.003268
0.0069444,0,0.088474,0.010101,0.013072,0.060691,0.010101,0.017045,0.034314,0.31338,0.23462,0.21126,0,0.20998,0.48628,0.14496,0.02639,0,0,0.071489,0.017094,0.008547,0.017508,0.017749,0,0,0.0047208,0.036292,0.011843,0.02968,0.061928,0.11449,0.039381,0.045347,0.12374,0.1667,0.18233,0.18354,0,0.11038,0,0.17498,0.37497,0.097181,0.058115,0.12814,0.040275,0.0058823,0,0,0.010073
0.015049,0,0.018519,0.0302,0.0038314,0.023121,0.020008,0.075911,0.21661,0.26267,0.23316,0.10093,0,0.050168,0.14195,0.54653,0.14018,0.031458,0.0025252,0.024835,0.0048309,0.0073561,0.036792,0.013378,0,0,0.010073,0.023616,0.02017,0.040738,0.026521,0.045871,0.051404,0.098255,0.22259,0.21921,0.15084,0.090699,0,0.15426,0.14522,0,0.2913,0.23734,0.071218,0.044586,0.032991,0,0,0.0055892,0.0175
0.0082759,0,0.012381,0.015344,0.023584,0.01272,0.0945,0.2207,0.23419,0.2516,0.091366,0.035344,0,0.0098766,0.02726,0.25193,0.47071,0.15443,0.033304,0.0030864,0.0068576,0.03165,0,0.003367,0.0075321,0,0.034136,0.031877,0.033064,0.048568,0.029841,0.014943,0.11279,0.13746,0.20954,0.17606,0.12538,0.046324,0,0.07874,0.22017,0.26759,0,0.18001,0.12696,0.020624,0.0076886,0.003003,0.003003,0.031811,0.060417
0.067637,0.026961,0,0.040138,0.013889,0.013889,0.24366,0.14116,0.29662,0.13443,0.015083,0.006536,0,0.0055556,0.0072934,0.063624,0.21401,0.49742,0.15349,0,0.0069642,0.01806,0,0.0055556,0.028031,0,0.078208,0.046961,0.029753,0.039171,0.035905,0.031576,0.1494,0.15147,0.20472,0.14067,0.065819,0.026342,0,0.042877,0.084228,0.36094,0.24168,0,0.084098,0.0071544,0,0.0027778,0.030736,0.036566,0.10894
0.17394,0.081797,0.0092592,0,0.025208,0.022222,0.21643,0.27261,0.1115,0.046296,0,0.040741,0,0.02381,0.005291,0.014881,0.028824,0.17939,0.53439,0.011218,0.021009,0,0.011587,0.028295,0.14131,0,0.1969,0.10493,0.048622,0.027598,0.020442,0.01621,0.13886,0.22432,0.10414,0.05201,0.047576,0.018398,0,0.0069444,0.068138,0.15184,0.1671,0.1649,0,0.0042736,0,0.019135,0.13533,0.11781,0.16453
0.005291,0.072222,0,0.09355,0.25901,0.169,0,0,0.055769,0.005291,0.08024,0.25964,0,0.1309,0.02381,0.012346,0.022487,0.0079366,0.008547,0.52852,0.16872,0.041616,0.038801,0,0.016314,0,0.034996,0.029791,0.067146,0.11695,0.2137,0.15252,0.023189,0.019215,0.044865,0.052341,0.12688,0.11842,0,0.12078,0.22354,0.1289,0.034601,0.0023148,0,0,0.12035,0.23929,0.084156,0.034952,0.011111
0.013889,0.014545,0.10306,0.27117,0.16431,0.18683,0.014881,0.063308,0.033214,0.033064,0.038797,0.062937,0,0.029984,0.0125,0.016402,0.019444,0.012963,0.0055556,0.19462,0.57649,0.10764,0.018546,0.005848,0,0,0.026848,0.051176,0.1269,0.19623,0.15827,0.13959,0.020359,0.041253,0.027492,0.030149,0.035168,0.14656,0,0.16108,0.042588,0.03408,0,0.0079366,0,0.14483,0,0.18974,0.33132,0.072467,0.015954
0.0099632,0.080245,0.25364,0.15353,0.24453,0.08815,0.043188,0.016136,0.030158,0.035572,0.014216,0.030667,0,0.02507,0.0061729,0.0042736,0.034791,0.0079967,0.0082139,0.030087,0.11364,0.60255,0.12655,0.027569,0.013091,0,0.047326,0.12544,0.21329,0.21826,0.14058,0.090591,0.020432,0.025941,0.035779,0.025164,0.022643,0.034556,0,0.061661,0.018719,0.0038314,0,0.0018832,0.011245,0.16736,0.17426,0,0.21266,0.25816,0.090223
0.13273,0.27238,0.17908,0.18081,0.14672,0.0092592,0.016274,0,0.017806,0.024821,0.0061729,0.013943,0,0.0026456,0.0037037,0.035276,0.0058839,0.0063492,0.013635,0.012718,0.0084611,0.16225,0.59247,0.11579,0.040816,0,0.08501,0.18059,0.17417,0.20914,0.12428,0.042982,0.048215,0.021877,0.031571,0.026706,0.026961,0.028512,0,0.040507,0.0074822,0,0.0015873,0.018957,0.056591,0.071047,0.27337,0.28924,0,0.10473,0.1365
0.26466,0.27232,0.17268,0.078681,0.006536,0.0079366,0.10036,0,0.023281,0.029897,0.027778,0.015873,0,0,0.040429,0.0044444,0,0.0050506,0.029643,0,0.025535,0.038769,0.13881,0.56309,0.15423,0,0.18098,0.14693,0.1771,0.11406,0.049214,0.019476,0.12676,0.059265,0.035027,0.021092,0.049773,0.020319,0,0,0.0048309,0.0024691,0.027482,0.071263,0.15231,0.020751,0.099696,0.30605,0.20707,0,0.10808
0.14602,0.15965,0.13999,0,0.027778,0.032968,0.25358,0.12048,0,0.071128,0.015873,0.032537,0,0.011696,0,0,0.020833,0.074936,0.21932,0.041783,0,0.020011,0.015151,0.075393,0.52088,0,0.13829,0.21725,0.091005,0.029028,0.055303,0.015047,0.18518,0.15046,0.041409,0.032897,0.014284,0.029843,0,0,0,0.045496,0.074701,0.20413,0.12467,0.0088184,0.038415,0.096662,0.23299,0.17413,0
0,0,0,0,0,0,0,0,0,0,0,0,0,0,0,0,0,0,0,0,0,0,0,0,0,0,0,0,0,0,0,0,0,0,0,0,0,0,0,0,0,0,0,0,0,0,0,0,0,0,0
0.05291,0.029762,0.0069444,0.037037,0.09623,0.24901,0,0,0.041337,0.10417,0.19147,0.19114,0,0.52736,0.11903,0.047138,0.048148,0,0,0.16611,0.038889,0.012346,0.010101,0.010101,0.020782,0,0.036344,0.020832,0.027417,0.067024,0.12328,0.11891,0.029892,0.02136,0.070957,0.083955,0.131,0.26902,0,0,0.15909,0.21835,0.11656,0.034804,0.0091759,0.11483,0.20443,0.10003,0.042722,0,0
0.022447,0.014545,0,0.013889,0.040123,0.089933,0.013889,0.0044444,0.063558,0.13366,0.37235,0.23117,0,0.20845,0.51325,0.17197,0.0069444,0.022087,0,0.026918,0.018519,0.021759,0,0.010101,0,0,0.01341,0.038902,0.026701,0.02158,0.054554,0.086458,0.032719,0.036842,0.1201,0.24003,0.14885,0.17986,0,0.086751,0,0.21019,0.32405,0.079927,0.038069,0.1436,0.06783,0.04092,0.0041152,0,0.0045414
0,0.0090188,0,0.0039682,0.008547,0.011905,0.035002,0.051693,0.25419,0.29404,0.24854,0.083094,0,0.011756,0.15621,0.54904,0.18868,0.021144,0.014432,0.0042424,0.0042736,0.022136,0.024124,0.0039682,0,0,0.020426,0.011479,0.023534,0.043204,0.014772,0.030663,0.057838,0.10326,0.1784,0.21064,0.22643,0.079357,0,0.1332,0.11156,0,0.28097,0.28193,0.081085,0.048651,0.026032,0,0.0011574,0.0018832,0.033525
0.033626,0.025055,0,0.040711,0.020017,0.005848,0.063038,0.22709,0.18966,0.26483,0.12457,0.0055556,0,0.0051587,0.035481,0.21245,0.54034,0.077858,0.030519,0.003367,0.0018519,0.056248,0.015291,0.0079772,0.013458,0,0.054533,0.028798,0.014534,0.031256,0.022014,0.025208,0.088676,0.19109,0.19253,0.19598,0.11803,0.037355,0,0.04932,0.26543,0.32753,0,0.1477,0.11631,0.024759,0.0015016,0,0.0027936,0.022006,0.042654
0.065844,0.037085,0.026289,0.018519,0.013943,0.011111,0.18339,0.18321,0.28354,0.15462,0.012346,0.010101,0,0.005848,0.021881,0.034329,0.19944,0.54102,0.12635,0,0.008547,0.020321,0.0099632,0.012037,0.020267,0,0.073443,0.060219,0.020495,0.042275,0.037369,0.044477,0.16066,0.16814,0.18595,0.092996,0.055731,0.058252,0,0.030902,0.074159,0.39994,0.17938,0,0.10784,0.0069444,0,0.003367,0.021473,0.062461,0.11353
0.21534,0.11761,0.0079366,0.018519,0,0.010101,0.31275,0.23093,0.076719,0,0,0.010101,0,0.012346,0,0.021086,0.11125,0.15049,0.54979,0,0.012346,0.005291,0.0038314,0.01621,0.11737,0,0.17287,0.14293,0.056198,0.037069,0.035149,0.0079467,0.14313,0.20268,0.12529,0.050331,0.0046297,0.021785,0,0.0020202,0.019416,0.13207,0.24418,0.18444,0,0,0.0089344,0.022687,0.069589,0.16162,0.15505
0.0079366,0.011111,0.049603,0.078572,0.16667,0.21376,0.12143,0.07791,0,0.064021,0.06217,0.14683,0,0.15426,0.034714,0,0.0092592,0.016204,0.017806,0.51154,0.1825,0.053296,0.020425,0,0,0,0.015497,0.035851,0.07297,0.11469,0.16097,0.16308,0.016765,0.037808,0.024476,0.038636,0.11265,0.20661,0,0.1356,0.14818,0.091403,0.039178,0.018194,0.005848,0.0038987,0.16948,0.28293,0.082554,0.022736,0
0,0.030994,0.11169,0.32736,0.17699,0.21083,0.011111,0.008547,0.023457,0,0,0.099024,0,0.033143,0.017094,0.0098291,0.022222,0.049383,0.038889,0.13167,0.49321,0.1707,0.014198,0.019658,0,0,0.029774,0.08627,0.11799,0.19242,0.15196,0.13568,0.040251,0.029445,0.025079,0.028844,0.05756,0.10473,0,0.14381,0.095241,0.035454,0.0015221,0.0069999,0.0050506,0.15491,0,0.15855,0.29641,0.089739,0.012323
0.021192,0.13133,0.21649,0.16139,0.20034,0.099643,0,0.047138,0.017508,0.059484,0.031706,0.013785,0,0.023609,0.0041647,0.0056361,0.037212,0.022837,0.0016103,0.016946,0.11235,0.54095,0.18656,0.037848,0.01028,0,0.07093,0.089747,0.18459,0.17072,0.19933,0.10694,0.017034,0.025565,0.034486,0.036473,0.030439,0.033748,0,0.055442,0.028197,0,0,0.0098162,0.0092941,0.18185,0.20193,0.0015016,0.26039,0.2106,0.040977
0.16065,0.23183,0.25049,0.19703,0.050496,0.02963,0.025054,0.0046297,0.026455,0.017196,0,0.006536,0,0.0087582,0.040792,0.01941,0.02292,0,0.0090278,0.0087809,0.055471,0.16489,0.5638,0.10157,0.0045863,0,0.083707,0.18138,0.17801,0.16253,0.13853,0.066105,0.038525,0.029163,0.022875,0.037261,0.029041,0.032878,0,0.030854,0.0017361,0,0.0031791,0.020745,0.034657,0.058937,0.31722,0.3046,0,0.11329,0.11479
0.24843,0.23572,0.17536,0.058558,0.017901,0,0.16897,0.011111,0,0.022222,0.024691,0.037037,0,0.021417,0.023214,0,0.019658,0.01872,0.031335,0.0027778,0.018933,0.018004,0.13526,0.45074,0.25994,0,0.16583,0.14297,0.16955,0.11106,0.042658,0.051043,0.13444,0.067289,0.023977,0.026064,0.034648,0.026777,0,0,0,0.0042532,0.02864,0.025134,0.1468,0.029625,0.085133,0.33397,0.25493,0,0.09151
0.15212,0.19021,0.15463,0.0079366,0.033333,0.011111,0.30767,0.086243,0.02381,0.013889,0,0.019048,0,0.005848,0.019103,0.011111,0.017071,0.024787,0.11811,0.011223,0.0042736,0.040741,0.031339,0.15983,0.55656,0,0.12078,0.20837,0.14408,0.01106,0.0097571,0.026305,0.15065,0.12715,0.045007,0.031971,0.051475,0.073399,0,0,0.010555,0.027211,0.098934,0.16798,0.17658,0.016442,0.045044,0.10653,0.17656,0.17416,0
0,0,0,0,0,0,0,0,0,0,0,0,0,0,0,0,0,0,0,0,0,0,0,0,0,0,0,0,0,0,0,0,0,0,0,0,0,0,0,0,0,0,0,0,0,0,0,0,0,0,0
0.022222,0.015873,0,0.099207,0.075132,0.33175,0,0.0074074,0.015873,0.06217,0.17037,0.2,0,0.51257,0.13176,0.010101,0.047355,0,0.010101,0.15588,0.070065,0.015873,0.0092592,0,0.037037,0,0.022447,0.02786,0.04663,0.062904,0.098197,0.16681,0.023569,0.033809,0.058976,0.13235,0.14551,0.18095,0,0,0.14814,0.2301,0.12417,0.052068,0,0.13242,0.19288,0.07661,0.038052,0,0.0055556
0.041668,0.029167,0.020834,0.020834,0,0.10208,0.020834,0,0.10313,0.15313,0.23542,0.27292,0,0.18238,0.46309,0.22265,0.028257,0.01348,0.015873,0.01892,0.021721,0,0,0.033626,0,0,0.015497,0.052196,0.002924,0.026566,0.062684,0.12945,0.026071,0.031203,0.12125,0.20105,0.1902,0.14091,0,0.10788,0,0.24399,0.31455,0.09635,0.047467,0.11236,0.050792,0.025004,0.0016103,0,0
0,0.0055556,0.024869,0,0.0097354,0.033536,0.015392,0.093683,0.21355,0.30009,0.19756,0.10603,0,0.016049,0.15623,0.56557,0.20626,0.0024691,0.0079366,0.0066782,0.00271,0.0044444,0.025961,0.005698,0,0,0.0086767,0.021044,0.039834,0.039425,0.024591,0.040201,0.036337,0.12335,0.19413,0.17623,0.17034,0.12584,0,0.116,0.15029,0.0050578,0.26563,0.29184,0.074154,0.034423,0.025858,0.003003,0,0.0061776,0.027559
0.022436,0,0.008547,0.045634,0,0.036325,0.099326,0.21411,0.18926,0.22312,0.1242,0.037037,0,0,0.017858,0.11284,0.69465,0.079185,0.010464,0.0040404,0.0093286,0.048511,0.0041167,0.0074074,0.0116,0,0.022252,0.01786,0.034826,0.046497,0.024829,0.024746,0.10316,0.17508,0.16977,0.19458,0.14303,0.043362,0,0.058968,0.26762,0.34183,0,0.12604,0.14757,0.0083881,0.0013072,0,0,0.011955,0.036319
0.049502,0.037037,0.015873,0.043651,0.018519,0,0.13161,0.15731,0.34753,0.13019,0.068783,0,0,0.0061729,0.0092592,0.024683,0.29577,0.46074,0.14039,0.0050506,0.011223,0.017868,0.0061729,0.0090188,0.013648,0,0.064946,0.050171,0.042011,0.049223,0.059004,0.039071,0.17125,0.19552,0.1439,0.11775,0.043783,0.02336,0,0.01506,0.14446,0.37069,0.19352,0,0.097269,0.0022222,0.0041152,0,0.019085,0.038794,0.11478
0.18376,0.008547,0.045584,0,0.027778,0,0.13974,0.40712,0.09188,0.037037,0.05,0.008547,0,0,0.027778,0.018056,0.033333,0.1413,0.36841,0.039113,0.022447,0.021212,0.0069444,0.029167,0.29225,0,0.14213,0.10452,0.032395,0.026734,0.05083,0.055617,0.18918,0.19061,0.090362,0.053681,0.015701,0.048226,0,0.0069697,0.04886,0.11454,0.3213,0.18005,0,0.0037037,0.010438,0.017167,0.062383,0.12759,0.10701
0,0.010101,0.022222,0.11532,0.28232,0.28687,0.037037,0.012346,0,0.010101,0.094051,0.12963,0,0.29782,0.0061729,0.011464,0,0.0069444,0.023457,0.40073,0.17194,0.07037,0,0,0.011111,0,0.030908,0.033789,0.073514,0.090689,0.19895,0.12177,0.042822,0.052847,0.036249,0.067967,0.087489,0.16301,0,0.12086,0.13518,0.080217,0.041457,0,0,0,0.14049,0.2863,0.13393,0.061573,0
0.015873,0.037037,0.083333,0.20458,0.15366,0.26433,0,0.069444,0.066799,0,0.012346,0.092592,0,0.020635,0.0092592,0,0.013889,0.011111,0.0069444,0.16907,0.56109,0.17414,0.013492,0.02037,0,0,0.024883,0.043566,0.1153,0.21346,0.14984,0.18154,0.018692,0.050089,0.021608,0.043861,0.039327,0.097814,0,0.14883,0.066144,0.027137,0,0,0,0.14808,0,0.19246,0.30385,0.098643,0.014853
0,0.10569,0.27519,0.18252,0.21093,0.11985,0,0.034568,0,0.008547,0.022447,0.040253,0,0,0.011553,0.0022222,0.037812,0.010782,0.0072728,0.032962,0.12757,0.545,0.17206,0.036595,0.016175,0,0.034119,0.11472,0.19024,0.17897,0.15726,0.12598,0.0093271,0.033903,0.054663,0.030688,0.019264,0.050863,0,0.052847,0.028747,0.0042736,0,0.002849,0.011495,0.16931,0.24533,0,0.23909,0.19293,0.053128
0.13246,0.28669,0.11792,0.21997,0.12691,0,0.026234,0.032407,0.011111,0.018519,0.027778,0,0,0.0026456,0.0055556,0.023122,0.014814,0.006734,0,0.0034722,0.0026456,0.21926,0.57562,0.12471,0.021418,0,0.10911,0.15887,0.23227,0.14428,0.10158,0.059528,0.060245,0.027797,0.036203,0.033002,0.032434,0.0046866,0,0.020865,0.0091219,0,0,0.016186,0.024435,0.067357,0.31397,0.29204,0,0.14,0.11602
0.23841,0.14302,0.27892,0.04188,0.022436,0.036111,0.14055,0.048457,0.013889,0.036325,0,0,0,0.0074074,0.0074074,0,0,0,0.090135,0.0048309,0.01358,0.015432,0.18533,0.50961,0.16626,0,0.1425,0.22122,0.17126,0.11182,0.02976,0.04414,0.10801,0.046049,0.037719,0.037473,0.047468,0.002584,0,0.0077243,0,0.003268,0.022858,0.042601,0.12096,0.036497,0.057414,0.33196,0.25954,0,0.11718
0.11814,0.28067,0.080864,0.022222,0,0.030864,0.21795,0.20484,0,0.022222,0.022222,0,0,0.013117,0,0,0.030163,0.069136,0.1762,0,0,0.022222,0.087509,0.13524,0.46641,0,0.10191,0.18776,0.080857,0.05142,0.029248,0.012171,0.14762,0.13049,0.10967,0.037942,0.027542,0.083377,0,0,0,0.029979,0.085105,0.20376,0.13305,0,0.034038,0.069517,0.25648,0.18807,0
0,0,0,0,0,0,0,0,0,0,0,0,0,0,0,0,0,0,0,0,0,0,0,0,0,0,0,0,0,0,0,0,0,0,0,0,0,0,0,0,0,0,0,0,0,0,0,0,0,0,0
0.015873,0.13333,0,0,0.1037,0.13439,0,0,0.022222,0.060318,0.19841,0.33175,0,0.55518,0.15134,0,0.069697,0.025,0.015625,0.11331,0.029221,0.025,0,0.015625,0,0,0.040344,0.013177,0.04651,0.030372,0.099665,0.16025,0.046168,0.018518,0.048258,0.10519,0.2017,0.18985,0,0,0.16101,0.24601,0.12723,0.013685,0.0041152,0.11484,0.17447,0.064062,0.063725,0.030853,0
0.018519,0,0.065657,0.06217,0,0.15097,0,0.010101,0.10384,0.17526,0.25451,0.15897,0,0.13995,0.53536,0.19451,0.036325,0,0.015873,0.040955,0,0.018519,0,0.018519,0,0,0.014856,0.060377,0.034686,0.040711,0.037195,0.13434,0.035667,0.052969,0.089352,0.15734,0.14517,0.19735,0,0.11802,0,0.20354,0.37464,0.073264,0.030379,0.12517,0.040435,0.027696,0,0,0.0068519
0.014814,0.014814,0,0,0,0.034392,0.011111,0.14564,0.23175,0.24127,0.23373,0.072487,0,0.02307,0.12905,0.59173,0.15268,0.0046297,0.015083,0.0039682,0.0046297,0.036936,0.034263,0.0039682,0,0,0.031589,0.032743,0.067925,0.025396,0.010831,0.055552,0.024336,0.11502,0.19718,0.17035,0.17261,0.096471,0,0.11319,0.13236,0.0022222,0.30109,0.24849,0.078668,0.047018,0.034227,0,0,0.0076629,0.035059
0.02862,0.015873,0.074748,0,0.010101,0,0.12862,0.17025,0.15729,0.28685,0.10645,0.021212,0,0.0071867,0.022083,0.24044,0.47958,0.1154,0.04013,0.0013387,0.0053548,0.07812,0.0063492,0.0013387,0.0026773,0,0.052449,0.029703,0.037497,0.072133,0.025911,0.016102,0.10567,0.21073,0.16917,0.16624,0.078941,0.035453,0,0.055605,0.25992,0.28578,0,0.15636,0.12682,0.022653,0.003268,0,0.0061463,0.029011,0.054434
0.15775,0,0.015873,0.037037,0.008547,0.022222,0.11172,0.2222,0.26831,0.047863,0.10847,0,0,0,0.022222,0.044444,0.19479,0.51276,0.12767,0,0.057058,0.012346,0.017187,0.0041152,0.0074074,0,0.099343,0.023463,0.015432,0.039904,0.037186,0.01,0.15271,0.21828,0.15174,0.15066,0.072778,0.028519,0,0.022323,0.090992,0.36029,0.22235,0,0.077653,0.0050506,0.0082304,0,0.034322,0.056913,0.12188
0.14815,0.059259,0.011111,0,0.018519,0,0.2963,0.22963,0.20741,0.011111,0,0.018519,0,0.0050506,0,0.010101,0.023457,0.22806,0.48148,0.022222,0,0.061728,0.023457,0.015152,0.12929,0,0.14492,0.11231,0.076879,0.0177,0.026137,0.024129,0.1503,0.17738,0.16498,0.072013,0.013704,0.019552,0,0.008547,0.028536,0.11733,0.22494,0.19539,0,0,0.008547,0.036608,0.072144,0.18734,0.12062
0.022222,0.018519,0.084656,0.060318,0.17976,0.28161,0.034392,0,0.022222,0.05,0.066667,0.17963,0,0.20808,0,0.012346,0,0.012346,0,0.54053,0.1431,0.022222,0,0.042857,0.018519,0,0.036325,0.023148,0.024471,0.12921,0.21145,0.15826,0.039021,0.049383,0.023097,0.059422,0.051486,0.19473,0,0.20732,0.15886,0.053695,0.01358,0.005848,0,0,0.17183,0.24839,0.11672,0.023749,0
0,0.037037,0.1453,0.22194,0.20774,0.15864,0.046297,0.012346,0.008547,0.008547,0.045584,0.10802,0,0.020599,0.03685,0.0074074,0.059671,0.0074074,0.0041152,0.1526,0.46323,0.21803,0.014216,0.015873,0,0,0.020924,0.054313,0.14214,0.12,0.24268,0.15136,0.027097,0.03856,0.052141,0.047735,0.014574,0.088485,0,0.11507,0.040243,0.032583,0,0,0.0019841,0.14152,0.007619,0.21937,0.29903,0.11521,0.027362
0,0.068782,0.31146,0.24268,0.17478,0.048501,0.024691,0.062787,0.028219,0.038096,0,0,0,0.0041604,0.0023148,0.003003,0.069403,0.005787,0.009094,0.02267,0.1361,0.55383,0.16943,0.0165,0.0077097,0,0.075869,0.10067,0.17436,0.19759,0.17415,0.10297,0.021745,0.035839,0.033312,0.020769,0.022571,0.040153,0,0.033513,0.018516,0,0,0.001292,0.015084,0.15085,0.20475,0,0.28085,0.24295,0.052192
0.10694,0.36974,0.22435,0.17836,0.039046,0.008547,0.025974,0.0092592,0.010101,0.005291,0.022385,0,0,0,0,0.049444,0.025159,0,0,0,0.031962,0.19081,0.55883,0.13968,0.0041152,0,0.1001,0.15063,0.17249,0.18252,0.10852,0.044241,0.06483,0.027824,0.038623,0.065061,0.034348,0.010806,0,0.016621,0,0,0,0.009446,0.038287,0.063093,0.30031,0.33796,0.0024691,0.13676,0.095055
0.17901,0.11574,0.23148,0.091049,0.012346,0.027778,0.092593,0,0.037037,0.10185,0.11111,0,0,0.02963,0.054321,0.026749,0.015385,0.0042736,0,0,0.058958,0.026194,0.12805,0.53395,0.12249,0,0.2472,0.17449,0.19582,0.053666,0.029845,0.0202,0.081687,0.071038,0.026455,0.030423,0.053561,0.015608,0,0,0,0.0079366,0.018957,0.043282,0.11984,0.035444,0.085731,0.36956,0.22106,0,0.098193
0.3254,0.12169,0.05926,0,0.1455,0.081481,0.093916,0.093916,0.034392,0.022222,0.022222,0,0,0.025974,0,0.015873,0,0.01936,0.19463,0,0.0050506,0.01431,0.047138,0.13216,0.54552,0,0.19122,0.15455,0.12916,0.053262,0.014106,0.020318,0.17753,0.11581,0.066654,0.016354,0.015119,0.045911,0,0,0.0092592,0.051053,0.058158,0.15252,0.17203,0.0087569,0.036645,0.082524,0.26789,0.16117,0
